type,name,module,path,hash
"csv","agent-manifest","_config","_config/agent-manifest.csv","6d8ae9d1526ffdc198f0f18cce6b1a6b7064d8d58e34d2ae470816113e0c7329"
"csv","task-manifest","_config","_config/task-manifest.csv","c275e885047dda4997e46e6e0206bf345870262079f3a235b1949dbfc9cac233"
"csv","workflow-manifest","_config","_config/workflow-manifest.csv","0e4315279f5f60cc89b7742b8f5888aba0dd0c354c65c4ca35f6ca77e73a9f9d"
"yaml","manifest","_config","_config/manifest.yaml","53d8c54a48e037b4fde539e1107673e77959a8f36153c6877d0e8da362a90088"
"md","stories-told","_memory","_memory/storyteller-sidecar/stories-told.md","47ee9e599595f3d9daf96d47bcdacf55eeb69fbe5572f6b08a8f48c543bc62de"
"md","story-preferences","_memory","_memory/storyteller-sidecar/story-preferences.md","b70dbb5baf3603fdac12365ef24610685cba3b68a9bc41b07bbe455cbdcc0178"
"yaml","config","_memory","_memory/config.yaml","1dc1d75840b52153279851cd826f839f3ec6ecb719edc94028858c53f4087d36"
"csv","common-workflow-tools","bmb","bmb/workflows/workflow/data/common-workflow-tools.csv","e59bc1d76db128ff04c53fab4b4f840f486f9804ed0d7fb7af1f62c15c2eb86a"
"csv","communication-presets","bmb","bmb/workflows/agent/data/communication-presets.csv","1297e9277f05254ee20c463e6071df3811dfb8fe5d1183ce07ce9b092cb3fd16"
"csv","module-help","bmb","bmb/module-help.csv","f25e9885efd06c5f7a51466c65f6016c77f5767e924a644508877bcb3575cb88"
"md","agent-architecture","bmb","bmb/workflows/agent/data/agent-architecture.md","4e7108717cb0da3e4b35680bcea350731f69497d60f09e8db036008eb16b8266"
"md","agent-architecture","bmb","bmb/workflows/module/data/agent-architecture.md","292bb887f2b6bfbe7536ae2a3d936c51bce8f55680298ccc5620ae38081017ca"
"md","agent-compilation","bmb","bmb/workflows/agent/data/agent-compilation.md","d0722de16e620caf44843fb5e02324fd1f6a1e325c4957bcf596b9652c95b15f"
"md","agent-menu-patterns","bmb","bmb/workflows/agent/data/agent-menu-patterns.md","df5298d5cccd946fc36cf79ee0a21f9680d878a50cb9de7eecc49a250d6922e2"
"md","agent-metadata","bmb","bmb/workflows/agent/data/agent-metadata.md","b49dab109782f56bb915744f67af36abdef810735665a13405ca327607b06e30"
"md","agent-plan.template","bmb","bmb/workflows/agent/templates/agent-plan.template.md","81e79756fb4c368c568ba05efcd276d1d52a111163827439733554f4d94e3094"
"md","agent-spec-template","bmb","bmb/workflows/module/data/agent-spec-template.md","ff68be471450daf91dc6d3c2d96ee2a8638acd7f26589abf4c328d8df7547677"
"md","agent-template","bmb","bmb/workflows/agent/templates/agent-template.md","bfaf5b7675d94279734fde32ea43a7f2383b045a027c74f426a3ea43b5f9baee"
"md","agent-validation","bmb","bmb/workflows/agent/data/agent-validation.md","df9aa540d62084b617200c312c751ee920b492afbc4aea3f54cebc4964f7b6ac"
"md","architect","bmb","bmb/workflows/agent/data/reference/module-examples/architect.md","fd9d3138eb02f9a2a770a90cad57a72827965deb9d5944a2fea22af03a95e0ab"
"md","architecture","bmb","bmb/workflows/workflow/data/architecture.md","94f6ff8b32bc819ca9f9f2f43c50562fd1ed25d82ffcb0e33795f7e36243626b"
"md","brainstorm-context","bmb","bmb/workflows/agent/data/brainstorm-context.md","f2685504ff1c781fc1829f9550d9c2f3f0fde4bc9f451515ce653abef0366b76"
"md","brief-template","bmb","bmb/workflows/module/templates/brief-template.md","9b3a5aab977cd189317321b92d512110fa13993a27447b25143fff14b24f6f84"
"md","critical-actions","bmb","bmb/workflows/agent/data/critical-actions.md","86dc92ca4fdd8ab8d1783da4c74ba03eb0ecbda105f4af9fe15decd70c871f4e"
"md","csv-data-file-standards","bmb","bmb/workflows/workflow/data/csv-data-file-standards.md","3efef22ebe70e0c89e34a5ab74cd51d89b56ac4404279e85bc5c1606e258ae79"
"md","e-01-load-existing","bmb","bmb/workflows/agent/steps-e/e-01-load-existing.md","e672dacda200987c944ac8aee8a8d4b25c30832eb52555ffb55235a98dacec19"
"md","e-02-discover-edits","bmb","bmb/workflows/agent/steps-e/e-02-discover-edits.md","8f902e4c5e0c9c54e764bbc4aadde79302bd069c6115f07ca3d8d3e756a26ef9"
"md","e-03-placeholder","bmb","bmb/workflows/agent/steps-e/e-03-placeholder.md","4076b77b471144f7bd58454a2652bed9a11a964bb249df95272b73590757a95e"
"md","e-04-sidecar-metadata","bmb","bmb/workflows/agent/steps-e/e-04-sidecar-metadata.md","170932df21c468495c1295da4122d2a730555ab8ef135a23884c5cd4b23463a8"
"md","e-05-persona","bmb","bmb/workflows/agent/steps-e/e-05-persona.md","93742cd56f05ff1eb25cb3357908e5e3d65c253f05260f6cf6680eea8e510a21"
"md","e-06-commands-menu","bmb","bmb/workflows/agent/steps-e/e-06-commands-menu.md","bcaaf0ed3a3ac1ee57393e4c5fc138ca971741019ccc8edc3fdec13bf755304c"
"md","e-07-activation","bmb","bmb/workflows/agent/steps-e/e-07-activation.md","287eade210793c82fa99f47871fa36666af2406d0b8710a05c061d8c4d11dbb1"
"md","e-08-edit-agent","bmb","bmb/workflows/agent/steps-e/e-08-edit-agent.md","1f7d857f21bbeb79fce3f2141c3627269c58a223afd90c301fec1d4087b083a4"
"md","e-09-celebrate","bmb","bmb/workflows/agent/steps-e/e-09-celebrate.md","20f273e2c55d5d38d49b2161bc3303a003126af61799e13a1f5e398d6578889f"
"md","frontmatter-standards","bmb","bmb/workflows/workflow/data/frontmatter-standards.md","95c756d4dd8eebca708bd03983b8c95374babbeedd9963a7dd89908be0bc0c7a"
"md","input-discovery-standards","bmb","bmb/workflows/workflow/data/input-discovery-standards.md","6e71ec3582a13d1836b12fcca40a50f2d8c30b4bb37f78f622c540054403cb7c"
"md","intent-vs-prescriptive-spectrum","bmb","bmb/workflows/workflow/data/intent-vs-prescriptive-spectrum.md","d5e10863d2ba52e0d0cfdc67cdfcb358bc1bbfa900c0a47ce1383cff81c14e46"
"md","menu-handling-standards","bmb","bmb/workflows/workflow/data/menu-handling-standards.md","f664abbedbb71e712486c2b03a5131b05b5f89ba6557d2c35f0b123512153673"
"md","minimal-output-template","bmb","bmb/workflows/workflow/templates/minimal-output-template.md","ff4c222f36c3589529eb3b1df80f914b64de76f74022332e555fbf2402bf2a7f"
"md","module-help-generate","bmb","bmb/workflows/module/module-help-generate.md","4c2099aacd4fc923ab7b2f4696e786d34cc2b55a0e86bd3ead757743a02a3e02"
"md","module-standards","bmb","bmb/workflows/module/data/module-standards.md","f3f008189dcb85978b1ca43ec7396d3e7587b2ec16d513297e568a9df980ad46"
"md","module-yaml-conventions","bmb","bmb/workflows/module/data/module-yaml-conventions.md","61b0f880aa99920f25d95b3ce333fa384f91d2eb2ed6d5179ba5b7524d9e625c"
"md","output-format-standards","bmb","bmb/workflows/workflow/data/output-format-standards.md","8975765f4cf43478685529d559ad95691a677c85ebd1af42088f02dd83d448a3"
"md","persona-properties","bmb","bmb/workflows/agent/data/persona-properties.md","d71a2a855d3f12f742d0b1ebcd6a1bb99550d1b22f56c3c5e038a53d13e6970d"
"md","principles-crafting","bmb","bmb/workflows/agent/data/principles-crafting.md","33e40c3aa10b27e7a33277b90c294dbcdc1df5b6c4115ebf3c18ff47943ce65f"
"md","step-00-conversion","bmb","bmb/workflows/workflow/steps-c/step-00-conversion.md","f1cff1e6117c249a845dcbe6361d89a356a2d9c41b1700c455dc4af667a84016"
"md","step-01-brainstorm","bmb","bmb/workflows/agent/steps-c/step-01-brainstorm.md","8b56200dc67a43d3eb2afff9d329aa3ed07beeeb362b00b3b521a4de1f9a2b34"
"md","step-01-discovery","bmb","bmb/workflows/workflow/steps-c/step-01-discovery.md","14bafd883635c3606ecf63c82ea126b5bdad86980eee334e157dae5de04811c2"
"md","step-01-init-continuable-template","bmb","bmb/workflows/workflow/templates/step-01-init-continuable-template.md","f211cf173c79b773a54612ad705e4fbbc0c936a5d4671a450602e8f73cab1183"
"md","step-01-load-brief","bmb","bmb/workflows/module/steps-c/step-01-load-brief.md","d11ae0c2fe17d2b8427ef5b96c06c2f870e6bf3a204f2eafebce8354f850bc90"
"md","step-01-load-target","bmb","bmb/workflows/module/steps-e/step-01-load-target.md","26aef55b965315443a35e6a0d55c9ce003c2bd9a0996bc209e638680a6969dd5"
"md","step-01-load-target","bmb","bmb/workflows/module/steps-v/step-01-load-target.md","27fba2bf4be60ce6d4d00b491deb3bf8ae2af9c078d97cb4629a14268a1b45e1"
"md","step-01-validate","bmb","bmb/workflows/workflow/steps-v/step-01-validate.md","7062165cc403137878ec484a8a70215288d2b611a8b2153f45f814d3d1a9d58a"
"md","step-01-validate-max-mode","bmb","bmb/workflows/workflow/steps-v/step-01-validate-max-mode.md","cf2de5888a6b3e025912769dc417d707391bb5885c973ed6359d16666540c313"
"md","step-01-welcome","bmb","bmb/workflows/module/steps-b/step-01-welcome.md","360f177df40eb103c3a39118fc0d0e38c4bbe5e042555dc22ec75f96888bedcd"
"md","step-01b-continuation","bmb","bmb/workflows/workflow/steps-c/step-01b-continuation.md","26b8ca474a892000d5b9f87bf9defc85af381fb3ae27b4b8aa8e2aafedebcd8d"
"md","step-01b-continue","bmb","bmb/workflows/module/steps-c/step-01b-continue.md","9909a6a213dea8e35f730713d947baf068e30d734e8209389b727baff1f339e6"
"md","step-01b-structure","bmb","bmb/workflows/workflow/steps-v/step-01b-structure.md","1a5c4344f777331ebf3f26f0f96b0d384ced6d3ad1e261041bd0942b328a62b4"
"md","step-02-classification","bmb","bmb/workflows/workflow/steps-c/step-02-classification.md","d31e2b451af0dcdd3d6c6695143200f0b40c3e8725ddf09849810f6984b76286"
"md","step-02-discovery","bmb","bmb/workflows/agent/steps-c/step-02-discovery.md","52aadeb5dab8d4c0b43bdfb68bf7b32ea03ead412826c20f5c0c1afcb9c87d42"
"md","step-02-file-structure","bmb","bmb/workflows/module/steps-v/step-02-file-structure.md","db23a0e73ed9e7885b6e629a7b631db142920857ba3a8e7db4c6de8339be0514"
"md","step-02-frontmatter-validation","bmb","bmb/workflows/workflow/steps-v/step-02-frontmatter-validation.md","86fede3dd8b992eeeeb962bd217dcb9d002aad2def3acbf0b8f3ea4f089bf1d4"
"md","step-02-select-edit","bmb","bmb/workflows/module/steps-e/step-02-select-edit.md","54c0825ec764e38481a4edb1524a2505dc5eff079a844ab4384eb6d264511680"
"md","step-02-spark","bmb","bmb/workflows/module/steps-b/step-02-spark.md","675a83d6c257439ac1c6a508358ff09f532075bcb4f97c1037f626324f431e34"
"md","step-02-structure","bmb","bmb/workflows/module/steps-c/step-02-structure.md","a92a42777e4aa90ae90f3a4cde49a4e46dc6d390d5f8b0e6c25cbd0749534626"
"md","step-02b-path-violations","bmb","bmb/workflows/workflow/steps-v/step-02b-path-violations.md","34da677fd6b3bcbc54ffa8fba8c690a21e0189000aa30331c586438ad397c977"
"md","step-03-apply-edit","bmb","bmb/workflows/module/steps-e/step-03-apply-edit.md","4cc07b6468e7e8ce8b941e5c74d132f5657caa58086586cc80eebd223a4114fd"
"md","step-03-config","bmb","bmb/workflows/module/steps-c/step-03-config.md","ca89836174c4b76051d43457aa0217295d5bf4eb2800c03ed2d29832d09cd369"
"md","step-03-menu-validation","bmb","bmb/workflows/workflow/steps-v/step-03-menu-validation.md","b484b7e112339facc41edee5631a513c89f4f5d90c2303e9457deb96ce3287af"
"md","step-03-module-type","bmb","bmb/workflows/module/steps-b/step-03-module-type.md","0e41528e462d831ff005fdadce5a38351ebc6e95e272b79a43615c322e884e09"
"md","step-03-module-yaml","bmb","bmb/workflows/module/steps-v/step-03-module-yaml.md","3a69cb73ae898484401c3ffbd203fb3ab74d5678933ae460d2bcc2786e876493"
"md","step-03-requirements","bmb","bmb/workflows/workflow/steps-c/step-03-requirements.md","4954b42e344ce6f728fc3dc8df3ad5eeac0ce6d73fb08c8ff09d762e9364fd71"
"md","step-03-sidecar-metadata","bmb","bmb/workflows/agent/steps-c/step-03-sidecar-metadata.md","ecd17fb960120f8709d0b1f95c265a6275a4672db9b02458cf9df7b6d2a6681e"
"md","step-04-agent-specs","bmb","bmb/workflows/module/steps-v/step-04-agent-specs.md","a8d5eac1f5e8693c370bdb774c926a45cf5afde8d94e6996862664cdee444849"
"md","step-04-agents","bmb","bmb/workflows/module/steps-c/step-04-agents.md","22b913e38f32f9bf388f43290a17726318986d559b42b188f26bf97a20e651d3"
"md","step-04-persona","bmb","bmb/workflows/agent/steps-c/step-04-persona.md","cd8b5845b987eeff0cdf16a913e2de439e32e927a1b4f977fee238e56c02d9a4"
"md","step-04-review","bmb","bmb/workflows/module/steps-e/step-04-review.md","9b86a5d09668674accd03cb47cd6c437c2117ee23562bb2bcea8ddc6979eefeb"
"md","step-04-step-type-validation","bmb","bmb/workflows/workflow/steps-v/step-04-step-type-validation.md","3a923bcad87fc74036fdefa8f42d360b8d02b678f9077aedd18654e94d966f7a"
"md","step-04-tools","bmb","bmb/workflows/workflow/steps-c/step-04-tools.md","623adb4ca3a6e47a27e78ebc55ea45b89866ca60e04aa05f9907f6bdf8a9f57c"
"md","step-04-vision","bmb","bmb/workflows/module/steps-b/step-04-vision.md","cac4ca0fe32092801503f906fdfa868e65ba0490877daeb23a274571135ecddc"
"md","step-05-commands-menu","bmb","bmb/workflows/agent/steps-c/step-05-commands-menu.md","daf554f3cedfcb26381bec533b00cfbb73cc688dcaa72167eba852cead8fa861"
"md","step-05-confirm","bmb","bmb/workflows/module/steps-e/step-05-confirm.md","1abeb25cd94e0396642e0ffd4d68d1b21350c51f2eee86bf403fb6f406a22408"
"md","step-05-identity","bmb","bmb/workflows/module/steps-b/step-05-identity.md","c81aa920cf83f04a51585675b2b09d756d7c5bb9e851ccea66e25d76aeaf3cff"
"md","step-05-output-format-validation","bmb","bmb/workflows/workflow/steps-v/step-05-output-format-validation.md","824a0bea33d14e5694f6b58504eb655af26ccd3d1001a40179861146038d77e6"
"md","step-05-plan-review","bmb","bmb/workflows/workflow/steps-c/step-05-plan-review.md","852bb996af5ccdb7df158106ba7c98698b21f667b5fd1c3256c1929839b73e38"
"md","step-05-workflow-specs","bmb","bmb/workflows/module/steps-v/step-05-workflow-specs.md","870c35fdc1e486b67fc21876964c28db1286e6e63acf83ec35f27ec274d8e868"
"md","step-05-workflows","bmb","bmb/workflows/module/steps-c/step-05-workflows.md","f924f8d79fc3dfc85170b321dd08b414cbb09eadaaf4f07e55fe3b9b60049026"
"md","step-06-activation","bmb","bmb/workflows/agent/steps-c/step-06-activation.md","cd892bde609db408cdd73ef503eb9aede24ec575e161ab43b40f84001cd6c182"
"md","step-06-design","bmb","bmb/workflows/workflow/steps-c/step-06-design.md","9873ef3c4ac9f9dc68e552e626a7c20091eba1c9d19f1fa76b2ba0738d0bc082"
"md","step-06-docs","bmb","bmb/workflows/module/steps-c/step-06-docs.md","5d05cf19d95dfc3f40d1051612a4a97e8e0fb161e6892cc886df5b1bcbef8888"
"md","step-06-documentation","bmb","bmb/workflows/module/steps-v/step-06-documentation.md","8b747c69aeda2222c980c0341fceaa7596e819420eead2e1cee634b17ddb4803"
"md","step-06-users","bmb","bmb/workflows/module/steps-b/step-06-users.md","9e96d114253f41272cb022879db49487e35c81d21163b4358a3f287d8714aa60"
"md","step-06-validation-design-check","bmb","bmb/workflows/workflow/steps-v/step-06-validation-design-check.md","8eb78dc10848d8e33a6c84fee38210fef8e4431aa25c318d596d25d69f9755f5"
"md","step-07-build-agent","bmb","bmb/workflows/agent/steps-c/step-07-build-agent.md","2211519285b1fa8b3f8c6407d9f15121473b15ca273ad174377351312c10f4c9"
"md","step-07-complete","bmb","bmb/workflows/module/steps-c/step-07-complete.md","af457b4579d6e8396b7ade272b04453df3422ca7a1db6bdc0e77097b6ad5804b"
"md","step-07-foundation","bmb","bmb/workflows/workflow/steps-c/step-07-foundation.md","da4a6efc428c003dc9576c243111e2b29843608adb864105d5e130cae18498eb"
"md","step-07-installation","bmb","bmb/workflows/module/steps-v/step-07-installation.md","06966e9496de39e7a6204c61c14a35dd0298af1485226b9f8eaac06e4a816633"
"md","step-07-instruction-style-check","bmb","bmb/workflows/workflow/steps-v/step-07-instruction-style-check.md","b9ce0212ea49b3dfdb7204f9cfa5c59b25f4e314d2ab9cc27a95c1f432faa2f9"
"md","step-07-value","bmb","bmb/workflows/module/steps-b/step-07-value.md","8a1fadb590730bbcb33454974ffad289d6f61a93c1d317ee883f60311c003f2e"
"md","step-08-agents","bmb","bmb/workflows/module/steps-b/step-08-agents.md","891f06eb89c9bbf687286252a4dda6cb19b0cc0b084f4b919aab5d7518fa9c77"
"md","step-08-build-step-01","bmb","bmb/workflows/workflow/steps-c/step-08-build-step-01.md","cbdea1291bd9f2fe5d112ceb61caa05a81b00566997e4c5f7fc6d32ec4666267"
"md","step-08-celebrate","bmb","bmb/workflows/agent/steps-c/step-08-celebrate.md","540fc2dc69aa402ffd7222ff37379100497e188ebec42616240b8c2b7d4ac493"
"md","step-08-collaborative-experience-check","bmb","bmb/workflows/workflow/steps-v/step-08-collaborative-experience-check.md","5cffb645b0175b823f9607530625d1903920532f95e0d92b71fb233043dc4f4e"
"md","step-08-report","bmb","bmb/workflows/module/steps-v/step-08-report.md","8e1d295dc29b6dab5fe0ec81f51b614cb8a62b849fe10895093685b3164fe2bd"
"md","step-08b-subprocess-optimization","bmb","bmb/workflows/workflow/steps-v/step-08b-subprocess-optimization.md","1934aa38ebabab0ddf2777cacddd96f37554dcda8f80812b87564a4b64925c36"
"md","step-09-build-next-step","bmb","bmb/workflows/workflow/steps-c/step-09-build-next-step.md","e814302a0713f910baadf6eda45696cd0ef632c4db38e32864f876fb2468cb38"
"md","step-09-cohesive-review","bmb","bmb/workflows/workflow/steps-v/step-09-cohesive-review.md","77e00f46ae55bb95ebeacc6380871befb2f60844f547b260eca08e77cb1e8618"
"md","step-09-workflows","bmb","bmb/workflows/module/steps-b/step-09-workflows.md","ce099465badf171f4451ebc6064de306e85807875f747bf5f4e3542ec93961e8"
"md","step-10-confirmation","bmb","bmb/workflows/workflow/steps-c/step-10-confirmation.md","17826ad707f57f19061cb227dc8234b2338175e9ef52a5ba4acde9c3be5f7ab6"
"md","step-10-report-complete","bmb","bmb/workflows/workflow/steps-v/step-10-report-complete.md","901274400fa20398593f392b2ec17da88045b09c6f36f29e71e0d4219d86acf0"
"md","step-10-tools","bmb","bmb/workflows/module/steps-b/step-10-tools.md","c66a53c8b35261e511663ada1adfc62486a7d8183a51f348e28ee74fb5cdb8bf"
"md","step-11-completion","bmb","bmb/workflows/workflow/steps-c/step-11-completion.md","fa84481cdadc7405628c44b18e231b5ced89dcf1105cc5ec7b0d57c3b085f193"
"md","step-11-plan-validation","bmb","bmb/workflows/workflow/steps-v/step-11-plan-validation.md","33421d9536fee94228d57adceddff16fe3ef2fb39e97402db855b449c74e1908"
"md","step-11-scenarios","bmb","bmb/workflows/module/steps-b/step-11-scenarios.md","27115e07abbee27dc44ddd519586a1f00e3069c1fda7998e726ca966d0774c9b"
"md","step-12-creative","bmb","bmb/workflows/module/steps-b/step-12-creative.md","f573cda16421dbf02433efcbc36f044a836badccbe2d112de0e72a60f9627043"
"md","step-13-review","bmb","bmb/workflows/module/steps-b/step-13-review.md","7fbe0bfad983bee2be1a658e9d761ec814b81609dcd297e6ef5cce52221f68ce"
"md","step-14-finalize","bmb","bmb/workflows/module/steps-b/step-14-finalize.md","6ec52af56a4158156c900efa3438b3e6c66d9483ef5406943a47308a91512f4a"
"md","step-1b-template","bmb","bmb/workflows/workflow/templates/step-1b-template.md","1728f01e00cad05b727d292dd9f163c3d94e70cff3243c67f958aa412bffc5aa"
"md","step-e-01-assess-workflow","bmb","bmb/workflows/workflow/steps-e/step-e-01-assess-workflow.md","d35285d365240ef997b47c262715326293a47835f84d71cbe20f8084ef62ad67"
"md","step-e-02-discover-edits","bmb","bmb/workflows/workflow/steps-e/step-e-02-discover-edits.md","7066e66d5c16b5c853d60bb53a0ff9396236d0af3a7ebecbab2cdfbc329f4c84"
"md","step-e-03-fix-validation","bmb","bmb/workflows/workflow/steps-e/step-e-03-fix-validation.md","c62da8d8a497865d163774ef99c961d0b465b8863684dd6ab4e2b9dee76acf49"
"md","step-e-04-direct-edit","bmb","bmb/workflows/workflow/steps-e/step-e-04-direct-edit.md","9d5e13c0cc503c17d0977f1667d00b82b4191d875a269e04f6fb956c5cc0f27a"
"md","step-e-05-apply-edit","bmb","bmb/workflows/workflow/steps-e/step-e-05-apply-edit.md","c8e2613800416342214bc402433a4163afb26cd7561a9cac31e3e6bfe2a254aa"
"md","step-e-06-validate-after","bmb","bmb/workflows/workflow/steps-e/step-e-06-validate-after.md","130794b7a744775691256fe6b849e94a9764b8c22d775c9dce423c311145622f"
"md","step-e-07-complete","bmb","bmb/workflows/workflow/steps-e/step-e-07-complete.md","3c3b50718bcfc29a4db981bcf2c6cb4ff81598fc0ebe2f50ef36e4d0f7301c0f"
"md","step-file-rules","bmb","bmb/workflows/workflow/data/step-file-rules.md","bfc096df223992a8568e2e1a7b03bb3cb5fab26154c73782d2e94edd6fdaa4fd"
"md","step-template","bmb","bmb/workflows/workflow/templates/step-template.md","2bc3e860d0b59397c651137a020d0218982031df3eddd22f1bbc9bc0c3797ce1"
"md","step-type-patterns","bmb","bmb/workflows/workflow/data/step-type-patterns.md","5bf33d70160ae8b8914c4de64c8bb0bad6e2788883f613539711819c3cd8fc2b"
"md","subprocess-optimization-patterns","bmb","bmb/workflows/workflow/data/subprocess-optimization-patterns.md","7ab53a8001bbe9e81c76173dc7fc5cc53a7fb864d8ff69626b6e6cfeadfdc7e6"
"md","trimodal-workflow-structure","bmb","bmb/workflows/workflow/data/trimodal-workflow-structure.md","7908071a7e6962f9db23890b7f832b095064ca91eec2642273dbf7d62f0e4f27"
"md","understanding-agent-types","bmb","bmb/workflows/agent/data/understanding-agent-types.md","dc8255165a5d4409cb49462838f03321e03862857440c4f3f3822bb7d05d0002"
"md","v-01-load-review","bmb","bmb/workflows/agent/steps-v/v-01-load-review.md","eb6bbf20785bdca98336f6b8bfc893df6775551b13c01d67661d6e0577a7155e"
"md","v-02a-validate-metadata","bmb","bmb/workflows/agent/steps-v/v-02a-validate-metadata.md","3669dcb0235e35bd843454e2cc04ddaca8f9517c7617d79419196190044a0652"
"md","v-02b-validate-persona","bmb","bmb/workflows/agent/steps-v/v-02b-validate-persona.md","144ef430d5f1dc5af3a8a51c9c2b83cdd95ef5aefe0d406f7b20064c97ada4ba"
"md","v-02c-validate-menu","bmb","bmb/workflows/agent/steps-v/v-02c-validate-menu.md","4e8b2158dbce6d7ff3e7208da688bd74521926fbdec72933fce52f4301c112e5"
"md","v-02d-validate-structure","bmb","bmb/workflows/agent/steps-v/v-02d-validate-structure.md","e47d9af9855a276d5c7b93cdfd3ae25c8a6f9f28b3f3422284e867c79b05c433"
"md","v-02e-validate-sidecar","bmb","bmb/workflows/agent/steps-v/v-02e-validate-sidecar.md","51c675b7ab4ff44e52d147117002ae3497a97a47bf9fdf9da8edb659889bb38e"
"md","v-03-summary","bmb","bmb/workflows/agent/steps-v/v-03-summary.md","6167d149c018ef818508595b04c47ecd9e3c08569751932d71d3f9ac0550b34b"
"md","workflow-chaining-standards","bmb","bmb/workflows/workflow/data/workflow-chaining-standards.md","358099d64396ee13c6525969ee4d9ee29f4ad8adc0077ed67c3376764a15f9ce"
"md","workflow-create-agent","bmb","bmb/workflows/agent/workflow-create-agent.md","78d5216906af8725c6db58a7841af2bc0a9a616bcaf702bdaac552b9d83e335c"
"md","workflow-create-module","bmb","bmb/workflows/module/workflow-create-module.md","b30332d5ba94b8291e0bffd4ecf2376ee9d48453665ac120e8da2d7117e62945"
"md","workflow-create-module-brief","bmb","bmb/workflows/module/workflow-create-module-brief.md","dd6048358b4984308657a815a30838e04d71c0f2f0f50e7b4e8364bd7213c3f3"
"md","workflow-create-workflow","bmb","bmb/workflows/workflow/workflow-create-workflow.md","f6a8e93c9aa10e60c7971f75c53f0424cdff075fdde9f989138baa20337384ce"
"md","workflow-edit-agent","bmb","bmb/workflows/agent/workflow-edit-agent.md","5acab6518e762014be75268526e6a5582e23fb156f8986b4efb65e7289e73c93"
"md","workflow-edit-module","bmb","bmb/workflows/module/workflow-edit-module.md","673df9ccd0f761798cd883ba0ed8bbad4b8551d8635c75a1554f6038e7dede35"
"md","workflow-edit-workflow","bmb","bmb/workflows/workflow/workflow-edit-workflow.md","54755d0adbc8250ab153c3078b173770efdf1759d2f79d63b61a99990fe2d8e1"
"md","workflow-examples","bmb","bmb/workflows/workflow/data/workflow-examples.md","e48cbf37b50cfe15bde688266dba0e23591d531f232bdca8094fd421d37752c3"
"md","workflow-rework-workflow","bmb","bmb/workflows/workflow/workflow-rework-workflow.md","647354f6647188ba4c58917a98de9c1051a12c5d8b9dc6ecbabe2eda00ba4f0b"
"md","workflow-spec-template","bmb","bmb/workflows/module/templates/workflow-spec-template.md","5a3a958180e2ef0803b14237d8e225f632476fc7a144ba2aa7e9866c1a30eddd"
"md","workflow-template","bmb","bmb/workflows/workflow/templates/workflow-template.md","69b5725f58a76297f151ffc4cb1629fb7b33829e5e1f365f4cf0004d48b5082c"
"md","workflow-type-criteria","bmb","bmb/workflows/workflow/data/workflow-type-criteria.md","14b10793d4c01605c6f509b27e97cceb8c0c4f2c3cddc28404b844c04c4413d2"
"md","workflow-validate-agent","bmb","bmb/workflows/agent/workflow-validate-agent.md","b58223afbf53fdbc52b5a85ea23bd65498e44d3b6b7e2268e3b3ad8eaced34d5"
"md","workflow-validate-max-parallel-workflow","bmb","bmb/workflows/workflow/workflow-validate-max-parallel-workflow.md","3706b9ea43ee7308d227b2f18e3196626f545df552c134056773bf431f43a7b4"
"md","workflow-validate-module","bmb","bmb/workflows/module/workflow-validate-module.md","78b71d8a816067898e9a92596f3d2f66d4f36dad2ef7fc076894077532715fe4"
"md","workflow-validate-workflow","bmb","bmb/workflows/workflow/workflow-validate-workflow.md","40f34df97c9b2e23be656f3233cea7c5ff14def514a4d7735cd623f0887276d4"
"yaml","config","bmb","bmb/config.yaml","4ad9c13ec8084b9070e4b5ebee9ba1481bbb976433f43cb89c0780f8d5babda5"
"csv","default-party","cis","cis/teams/default-party.csv","464310e738ec38cf8114552e8274f6c517a17db0e0b176d494ab50154ba982d5"
"csv","design-methods","cis","cis/workflows/design-thinking/design-methods.csv","6735e9777620398e35b7b8ccb21e9263d9164241c3b9973eb76f5112fb3a8fc9"
"csv","innovation-frameworks","cis","cis/workflows/innovation-strategy/innovation-frameworks.csv","9a14473b1d667467172d8d161e91829c174e476a030a983f12ec6af249c4e42f"
"csv","module-help","cis","cis/module-help.csv","3819767970ffea9166182aa3ce51aae1aef7f42c85af5962c8198676d92db07d"
"csv","solving-methods","cis","cis/workflows/problem-solving/solving-methods.csv","aa15c3a862523f20c199600d8d4d0a23fce1001010d7efc29a71abe537d42995"
"csv","story-types","cis","cis/workflows/storytelling/story-types.csv","ec5a3c713617bf7e2cf7db439303dd8f3363daa2f6db20a350c82260ade88bdb"
"md","instructions","cis","cis/workflows/design-thinking/instructions.md","496c15117fb54314f3e1e8e57dfd2fe8e787281e5ba046b7a063d8c6f1f18d40"
"md","instructions","cis","cis/workflows/innovation-strategy/instructions.md","ad4be7be6fa5dd2abd9cc59bd7ec0af396d6a6b8c83d21dbbb769f1b6a2b22db"
"md","instructions","cis","cis/workflows/problem-solving/instructions.md","959b98b8b8c4df5b10d1f28177b571e5f022d1594f4c060571a60aae8a716263"
"md","instructions","cis","cis/workflows/storytelling/instructions.md","c9fd0927719c2f9de202c60b1835fd7618e2dcfb34de1845bfb907e7656fa64c"
"md","README","cis","cis/workflows/README.md","1f6a9ebc342e6f48a74db106d7fdc903fe48720a2cb2160902b1b563c78b2d1d"
"md","README","cis","cis/workflows/design-thinking/README.md","0a38f88352dc4674f6e1f55a67ffebf403bf329c874a21a49ce7834c08f91f62"
"md","README","cis","cis/workflows/innovation-strategy/README.md","820a9e734fadf2cfac94d499cec2e4b41a54d054c0d2f6b9819da319beee4fb9"
"md","README","cis","cis/workflows/problem-solving/README.md","a5e75b9899751d7aabffcf65785f10d4d2e0455f8c7c541e8a143e3babceca8b"
"md","README","cis","cis/workflows/storytelling/README.md","1bad4223dce51cb5a7ab8c116467f78037a4583d3a840210ee2f160ad15b71ee"
"md","template","cis","cis/workflows/design-thinking/template.md","7834c387ac0412c841b49a9fcdd8043f5ce053e5cb26993548cf4d31b561f6f0"
"md","template","cis","cis/workflows/innovation-strategy/template.md","e59bd789df87130bde034586d3e68bf1847c074f63d839945e0c29b1d0c85c82"
"md","template","cis","cis/workflows/problem-solving/template.md","6c9efd7ac7b10010bd9911db16c2fbdca01fb0c306d871fa6381eef700b45608"
"md","template","cis","cis/workflows/storytelling/template.md","461981aa772ef2df238070cbec90fc40995df2a71a8c22225b90c91afed57452"
"yaml","config","cis","cis/config.yaml","c92be5d8183d90d7c30b22c21b5b8708245947d18632e9357099cdc40c32a85a"
"yaml","creative-squad","cis","cis/teams/creative-squad.yaml","25407cf0ebdf5b10884cd03c86068e04715ef270ada93a3b64cb9907b62c71cf"
"yaml","workflow","cis","cis/workflows/design-thinking/workflow.yaml","08b0cd75be74db4d29d72f7ed912fa7afbbb834894bd2ab0a5bd7f82a8c49969"
"yaml","workflow","cis","cis/workflows/innovation-strategy/workflow.yaml","8b79816509e5690bb595be70388197b99b9b4a2327f251e94b4325b01a3ba6c2"
"yaml","workflow","cis","cis/workflows/problem-solving/workflow.yaml","f04035ae731bfd84f4734babf5f6c97e55af054b57904e6a6e47a3894f390243"
"yaml","workflow","cis","cis/workflows/storytelling/workflow.yaml","f48ba7c425bc141e5e7d8617b296ed2fb5a8b960007c0da0ff55a394efab4e27"
"csv","brain-methods","core","core/workflows/brainstorming/brain-methods.csv","0ab5878b1dbc9e3fa98cb72abfc3920a586b9e2b42609211bb0516eefd542039"
"csv","methods","core","core/workflows/advanced-elicitation/methods.csv","e08b2e22fec700274982e37be608d6c3d1d4d0c04fa0bae05aa9dba2454e6141"
"csv","module-help","core","core/module-help.csv","4227d475748e8067aeae3e1a67d7b6235c109da13b2ef9131db930083dcb348d"
"md","help","core","core/tasks/help.md","75cc5cc88755cd609207cfda08fb9d76a6d5268784ba7f08aa2aa1904fe6748c"
"md","step-01-agent-loading","core","core/workflows/party-mode/steps/step-01-agent-loading.md","04ab6b6247564f7edcd5c503f5ca7d27ae688b09bbe2e24345550963a016e9f9"
"md","step-01-session-setup","core","core/workflows/brainstorming/steps/step-01-session-setup.md","bc09cc22a0465b316ff3c13903b753768fa31d83abd3f9fc328631db63dc0cf8"
"md","step-01b-continue","core","core/workflows/brainstorming/steps/step-01b-continue.md","d76a406e0ff0a0e58006ec671b56f19a059e98cfebba4c0724ae6ccdd9303e7f"
"md","step-02-discussion-orchestration","core","core/workflows/party-mode/steps/step-02-discussion-orchestration.md","a8a79890bd03237e20f1293045ecf06f9a62bc590f5c2d4f88e250cee40abb0b"
"md","step-02a-user-selected","core","core/workflows/brainstorming/steps/step-02a-user-selected.md","558b162466745b92687a5d6e218f243a98436dd177b2d5544846c5ff4497cc94"
"md","step-02b-ai-recommended","core","core/workflows/brainstorming/steps/step-02b-ai-recommended.md","99aa935279889f278dcb2a61ba191600a18e9db356dd8ce62f0048d3c37c9531"
"md","step-02c-random-selection","core","core/workflows/brainstorming/steps/step-02c-random-selection.md","f188c260c321c7f026051fefcd267a26ee18ce2a07f64bab7f453c0c3e483316"
"md","step-02d-progressive-flow","core","core/workflows/brainstorming/steps/step-02d-progressive-flow.md","a28c7a3edf34ceb0eea203bf7dc80f39ca04974f6d1ec243f0a088281b2e55de"
"md","step-03-graceful-exit","core","core/workflows/party-mode/steps/step-03-graceful-exit.md","bdecc33004d73238ca05d8fc9d6b86cba89833630956f53ecd82ec3715c5f0da"
"md","step-03-technique-execution","core","core/workflows/brainstorming/steps/step-03-technique-execution.md","9e6abceec5f774c57cd5205e30a1f24a95441131dbffcae9c3dce72111f95ceb"
"md","step-04-idea-organization","core","core/workflows/brainstorming/steps/step-04-idea-organization.md","5224490c33bf4b23b2897f3bcf12abe0b1ced306541dd60c21df0ce9fc65d1ac"
"md","template","core","core/workflows/brainstorming/template.md","5c99d76963eb5fc21db96c5a68f39711dca7c6ed30e4f7d22aedee9e8bb964f9"
"md","workflow","core","core/workflows/brainstorming/workflow.md","6aec1da006192f1909e00533e242f3b0262725c34bed47159dd10086c6d50ebd"
"md","workflow","core","core/workflows/party-mode/workflow.md","ee109bb13d42a1ad55fe1d4787dca0a317f0ff8c3726d99da73ede38ee73140b"
"xml","editorial-review-prose","core","core/tasks/editorial-review-prose.xml","3bef9a93ae9edb0a9319695417dd9b76248eeb796a11bd064de581421f8a462c"
"xml","editorial-review-structure","core","core/tasks/editorial-review-structure.xml","6ea76267fffac3c270e7ff0c26cfbc4aba65ce7680f3aae3823c58ebae127e8c"
"xml","index-docs","core","core/tasks/index-docs.xml","4353fb6243a13a91a66e8e6cc5a8c658b2cd827d62f0d12408d94ae9546ed564"
"xml","review-adversarial-general","core","core/tasks/review-adversarial-general.xml","93d3786323e9c1a41b6b2290df237da3436ae0053d0bdb00a7960d6ac8eb9bb1"
"xml","shard-doc","core","core/tasks/shard-doc.xml","5f253b24c8bb531b016953ced1a23c1fdb72f92672a7905b231805cf747ae038"
"xml","workflow","core","core/tasks/workflow.xml","17bca7fa63bae20aaac4768d81463a7a2de7f80b60d4d9a8f36b70821ba86cfd"
"xml","workflow","core","core/workflows/advanced-elicitation/workflow.xml","45ae62a32c74c7418614d12a4f8fe8252d297dc8234ee6f3910e205dbe7b4dd4"
"yaml","config","core","core/config.yaml","0c5b7e2fbc2c831721b1cf3895a4a683697a925c162b832786d4419a06b6a29b"
